;;;;;;;;;;;;Numero_mesure;Description de la mesure;ETIQUETTE
2,68;23,92;0;0;0;0;0;0;0;0;0;0;1;nul droite;0
4,18;25,42;0;0;0;0;0;0;0;0;0;0;1;nul droite;0
4,71;25,95;0;0;0;0;0;0;0;0;0;0;1;nul droite;0
5,23;26,47;0;0;0;0;0;0;0;0;0;0;1;nul droite;0
5,75;26,99;0;0;0;0;0;0;0;0;0;0;1;nul droite;0
6,27;27,51;0;0;0;0;0;0;0;0;0;0;1;nul droite;0
6,8;28,04;0;2;0;0;0;0;0;0;0;0;1;nul droite;0
7,32;28,56;0;3;0;0;0;0;0;0;0;0;1;nul droite;0
7,84;29,08;0;0;0;0;0;0;0;0;0;0;1;nul droite;0
8,36;29,6;0;0;0;0;0;0;0;0;0;0;1;nul droite;0
8,89;30,13;0;0;0;0;0;0;0;0;0;0;1;nul droite;0
9,41;30,65;0;0;0;0;0;0;0;0;0;0;1;nul droite;0
9,93;31,17;0;0;0;0;0;0;0;0;0;0;1;nul droite;0
10,45;31,69;0;0;0;0;0;0;0;0;0;0;1;nul droite;0
10,98;32,22;0;0;0;0;0;0;0;0;0;0;1;nul droite;0
11,5;32,74;0;0;0;0;0;0;0;0;0;0;1;nul droite;0
12,02;33,26;0;0;0;0;0;0;0;0;0;0;2;MOYEN derrière;8
12,55;33,79;0;0;0;0;0;0;0;0;0;0;2;MOYEN derrière;8
13,07;34,31;0;1;0;0;0;0;0;0;0;0;2;MOYEN derrière;8
13,59;34,83;0;3;0;0;0;0;0;0;0;0;2;MOYEN derrière;8
14,11;35,35;0;5;0;0;0;0;0;0;0;0;2;MOYEN derrière;8
14,64;35,88;0;3;0;0;0;0;0;0;0;0;2;MOYEN derrière;8
15,16;36,4;0;0;0;0;0;0;0;0;0;0;2;MOYEN derrière;8
15,68;36,92;0;0;0;0;0;0;0;0;0;0;2;MOYEN derrière;8
16,2;37,44;0;0;0;0;0;0;0;0;0;0;2;MOYEN derrière;8
16,73;37,97;0;0;0;0;0;0;0;0;0;0;2;MOYEN derrière;8
17,25;38,49;0;0;0;0;0;0;0;0;0;0;2;MOYEN derrière;8
17,77;39,01;0;0;0;0;0;0;0;0;0;0;2;MOYEN derrière;8
18,3;39,54;0;0;0;0;0;0;0;0;0;0;2;MOYEN derrière;8
18,82;40,06;0;0;0;0;0;0;0;0;0;0;2;MOYEN derrière;8
19,34;40,58;0;0;0;0;0;0;0;0;0;0;2;MOYEN derrière;8
19,87;41,11;0;0;0;0;0;0;0;0;0;0;2;MOYEN derrière;8
20,39;41,63;0;0;0;0;0;0;0;0;0;0;3;FORT gauche;6
20,91;42,15;0;1;0;0;0;0;0;0;0;0;3;FORT gauche;6
21,43;42,67;0;0;0;0;0;0;0;0;0;0;3;FORT gauche;6
21,96;43,2;0;0;0;0;0;0;0;0;0;0;3;FORT gauche;6
22,48;43,72;0;0;0;0;0;0;0;0;0;0;3;FORT gauche;6
23;44,24;0;0;0;0;0;0;0;0;0;0;3;FORT gauche;6
23,52;44,76;0;0;0;0;0;0;0;0;0;0;3;FORT gauche;6
24,05;45,29;0;3;0;0;0;0;0;0;0;0;3;FORT gauche;6
24,57;45,81;0;0;0;0;0;0;0;0;0;0;3;FORT gauche;6
25,09;46,33;0;0;0;0;0;0;0;0;0;0;3;FORT gauche;6
25,61;46,85;0;0;0;0;0;0;0;0;0;0;3;FORT gauche;6
26,14;47,38;0;0;0;0;0;0;0;0;0;0;3;FORT gauche;6
26,66;47,9;0;0;0;0;0;0;0;0;0;0;3;FORT gauche;6
27,18;48,42;0;0;0;0;0;0;0;0;0;0;3;FORT gauche;6
27,18;48,42;0;0;0;0;0;0;0;0;0;0;3;FORT gauche;6
27,7;48,94;0;0;0;0;0;0;0;0;0;0;3;FORT gauche;6
28,23;49,47;0;0;0;0;0;0;0;0;0;0;4;MOYEN derrière;8
28,75;49,99;0;0;0;0;0;0;0;0;0;0;4;MOYEN derrière;8
29,28;50,52;0;0;0;0;0;0;0;0;0;0;4;MOYEN derrière;8
29,8;51,04;0;0;0;0;0;0;0;0;0;0;4;MOYEN derrière;8
30,32;51,56;0;0;0;0;0;0;0;0;0;0;4;MOYEN derrière;8
30,84;52,08;0;0;0;0;0;0;0;0;0;0;4;MOYEN derrière;8
31,37;52,61;0;0;0;0;0;0;0;0;0;0;4;MOYEN derrière;8
31,89;53,13;0;0;0;0;0;0;0;0;0;0;4;MOYEN derrière;8
32,41;53,65;0;0;0;0;0;0;0;0;0;0;4;MOYEN derrière;8
32,93;54,17;0;0;0;0;0;0;0;0;0;0;4;MOYEN derrière;8
33,46;54,7;0;0;0;0;0;0;0;0;0;0;4;MOYEN derrière;8
33,98;55,22;0;0;0;0;0;0;0;0;0;0;4;MOYEN derrière;8
34,5;55,74;0;0;0;0;0;0;0;0;0;0;4;MOYEN derrière;8
35,02;56,26;0;0;0;0;0;0;0;0;0;0;4;MOYEN derrière;8
35,55;56,79;0;0;0;0;0;0;0;0;0;0;4;MOYEN derrière;8
35,55;56,79;0;0;0;0;0;0;0;0;0;0;4;MOYEN derrière;8
36,07;57,31;0;0;0;0;0;0;0;0;0;0;5;FAIBLE devant;10
36,59;57,83;0;0;0;0;0;0;0;0;0;0;5;FAIBLE devant;10
37,12;58,36;0;0;0;0;0;0;0;0;0;0;5;FAIBLE devant;10
37,64;58,88;0;0;0;0;0;0;0;0;0;0;5;FAIBLE devant;10
38,16;59,4;0;0;0;0;0;0;0;0;0;0;5;FAIBLE devant;10
38,68;59,92;0;0;0;0;0;0;0;0;0;0;5;FAIBLE devant;10
39,21;60,45;0;0;0;0;0;0;0;0;0;0;5;FAIBLE devant;10
39,73;60,97;0;0;0;0;0;0;0;0;0;0;5;FAIBLE devant;10
40,25;61,49;0;0;0;0;0;0;0;0;0;0;5;FAIBLE devant;10
40,77;62,01;0;0;0;0;0;0;0;0;0;0;5;FAIBLE devant;10
41,3;62,54;0;0;0;0;0;0;0;0;0;0;5;FAIBLE devant;10
41,82;63,06;0;0;0;0;0;0;0;0;0;0;5;FAIBLE devant;10
42,34;63,58;0;0;0;0;0;0;0;0;0;0;5;FAIBLE devant;10
42,87;64,11;0;0;0;0;0;0;0;0;0;0;5;FAIBLE devant;10
43,39;64,63;0;0;0;0;0;0;0;0;0;0;5;FAIBLE devant;10
43,91;65,15;0;0;0;0;0;0;0;0;0;0;5;FAIBLE devant;10
44,43;65,67;0;0;0;0;0;0;0;0;0;0;6;FORT gauche;6
44,96;66,2;0;0;0;0;0;0;0;0;0;0;6;FORT gauche;6
45,48;66,72;0;0;0;0;0;0;0;0;0;0;6;FORT gauche;6
46;67,24;0;0;0;0;0;0;0;0;0;0;6;FORT gauche;6
46,53;67,77;0;0;0;0;0;0;0;0;0;0;6;FORT gauche;6
47,05;68,29;0;0;0;0;0;0;0;0;0;0;6;FORT gauche;6
47,57;68,81;0;0;0;0;0;0;0;0;0;0;6;FORT gauche;6
48,09;69,33;0;0;0;0;0;0;0;0;0;0;6;FORT gauche;6
48,62;69,86;0;0;0;0;0;0;0;0;0;0;6;FORT gauche;6
49,14;70,38;442;174;0;0;0;0;0;0;0;0;6;FORT gauche;6
49,66;70,9;0;0;0;0;0;0;0;0;0;0;6;FORT gauche;6
50,19;71,43;0;0;0;0;0;0;0;0;0;0;6;FORT gauche;6
50,71;71,95;0;0;0;0;0;0;0;0;0;0;6;FORT gauche;6
51,23;72,47;0;0;0;0;0;0;0;0;0;0;6;FORT gauche;6
51,75;72,99;0;0;0;0;0;0;0;0;0;0;6;FORT gauche;6
51,75;72,99;0;0;0;0;0;0;0;0;0;0;6;FORT gauche;6
52,27;73,51;0;0;0;0;0;0;0;0;0;0;7;MOYEN gauche;5
52,8;74,04;0;0;0;0;0;0;0;0;0;0;7;MOYEN gauche;5
53,32;74,56;0;0;0;0;0;0;0;0;0;0;7;MOYEN gauche;5
53,84;75,08;0;0;0;0;0;0;0;0;0;0;7;MOYEN gauche;5
54,37;75,61;0;0;0;0;0;0;0;0;0;0;7;MOYEN gauche;5
54,89;76,13;0;0;0;0;0;0;0;0;0;0;7;MOYEN gauche;5
55,41;76,65;0;0;0;0;0;0;0;0;0;0;7;MOYEN gauche;5
55,93;77,17;0;0;0;0;0;0;0;0;0;0;7;MOYEN gauche;5
56,46;77,7;587;745;0;0;0;0;0;0;0;0;7;MOYEN gauche;5
56,98;78,22;0;0;0;0;0;0;0;0;0;0;7;MOYEN gauche;5
57,5;78,74;0;0;0;0;0;0;0;0;0;0;7;MOYEN gauche;5
58,02;79,26;0;0;0;0;0;0;0;0;0;0;7;MOYEN gauche;5
58,55;79,79;0;0;0;0;0;0;0;0;0;0;7;MOYEN gauche;5
59,07;80,31;0;0;0;0;0;0;0;0;0;0;7;MOYEN gauche;5
59,59;80,83;0;0;0;0;0;0;0;0;0;0;7;MOYEN gauche;5
59,59;80,83;0;0;0;0;0;0;0;0;0;0;7;MOYEN gauche;5
60,11;81,35;0;0;0;0;0;0;0;0;0;0;8;FAIBLE droite;1
60,64;81,88;0;0;0;0;0;0;0;0;0;0;8;FAIBLE droite;1
61,16;82,4;0;0;0;0;0;0;0;0;0;0;8;FAIBLE droite;1
61,68;82,92;0;0;0;0;0;0;0;0;0;0;8;FAIBLE droite;1
62,21;83,45;0;0;0;0;0;0;0;0;0;0;8;FAIBLE droite;1
62,73;83,97;0;0;0;0;0;0;0;0;0;0;8;FAIBLE droite;1
63,25;84,49;0;0;0;0;0;0;0;0;0;0;8;FAIBLE droite;1
63,77;85,01;0;0;0;0;0;0;0;0;0;0;8;FAIBLE droite;1
64,3;85,54;0;0;0;0;0;0;0;0;0;0;8;FAIBLE droite;1
64,82;86,06;0;0;0;0;0;0;0;27;0;0;8;FAIBLE droite;1
65,34;86,58;0;0;0;0;0;0;0;0;0;0;8;FAIBLE droite;1
65,86;87,1;0;0;0;0;0;0;0;0;0;0;8;FAIBLE droite;1
66,39;87,63;0;0;0;0;0;0;0;0;0;0;8;FAIBLE droite;1
66,91;88,15;0;0;0;0;0;0;0;0;0;0;8;FAIBLE droite;1
67,43;88,67;0;0;0;0;0;0;0;0;0;0;8;FAIBLE droite;1
67,95;89,19;0;0;0;0;0;0;0;0;0;0;8;FAIBLE droite;1
68,48;89,72;0;0;0;0;0;0;0;0;0;0;9;FAIBLE derrière;7
69;90,24;0;0;0;0;0;0;0;0;0;0;9;FAIBLE derrière;7
69,52;90,76;0;0;0;0;0;0;0;0;0;0;9;FAIBLE derrière;7
70,05;91,29;0;0;0;0;0;0;0;0;0;0;9;FAIBLE derrière;7
70,57;91,81;0;0;0;0;0;0;0;0;0;0;9;FAIBLE derrière;7
71,09;92,33;0;0;0;0;0;0;0;0;0;0;9;FAIBLE derrière;7
71,61;92,85;0;0;0;0;0;0;0;0;0;0;9;FAIBLE derrière;7
72,14;93,38;0;0;0;0;0;0;0;0;0;0;9;FAIBLE derrière;7
72,66;93,9;0;0;0;0;0;0;0;0;0;0;9;FAIBLE derrière;7
73,18;94,42;0;0;0;0;0;0;0;0;0;0;9;FAIBLE derrière;7
73,7;94,94;0;0;0;0;0;0;0;0;0;0;9;FAIBLE derrière;7
74,23;95,47;0;0;0;0;0;0;0;0;0;0;9;FAIBLE derrière;7
74,75;95,99;0;0;0;0;0;0;0;0;0;0;9;FAIBLE derrière;7
75,27;96,51;0;0;0;0;0;0;0;0;0;0;9;FAIBLE derrière;7
75,8;97,04;0;0;0;0;0;0;0;0;0;0;9;FAIBLE derrière;7
75,8;97,04;0;0;0;0;0;0;0;0;0;0;9;FAIBLE derrière;7
76,32;97,56;0;0;0;0;0;0;0;0;0;0;10;FORT gauche;6
76,84;98,08;0;0;0;0;0;0;0;0;0;0;10;FORT gauche;6
77,36;98,6;0;0;0;0;0;0;0;0;0;0;10;FORT gauche;6
77,89;99,13;0;0;0;0;0;0;0;0;0;0;10;FORT gauche;6
78,41;99,65;0;0;0;0;0;0;0;0;0;0;10;FORT gauche;6
78,93;100,17;0;0;0;0;0;0;0;0;0;0;10;FORT gauche;6
79,45;100,69;0;0;0;0;0;0;0;0;0;0;10;FORT gauche;6
79,98;101,22;0;0;0;0;0;0;0;0;0;0;10;FORT gauche;6
80,5;101,74;0;0;0;0;0;0;0;0;0;0;10;FORT gauche;6
81,02;102,26;0;0;0;0;0;0;0;0;0;0;10;FORT gauche;6
81,55;102,79;0;0;0;0;0;0;0;0;0;0;10;FORT gauche;6
82,07;103,31;0;0;0;0;0;0;0;0;0;0;10;FORT gauche;6
82,59;103,83;0;0;0;0;0;0;0;0;0;0;10;FORT gauche;6
83,11;104,35;0;0;0;0;0;0;0;0;0;0;10;FORT gauche;6
83,64;104,88;0;0;0;0;0;0;0;0;0;0;10;FORT gauche;6
83,64;104,88;0;0;0;0;0;0;0;0;0;0;10;FORT gauche;6
84,16;105,4;0;0;0;0;0;0;0;0;0;0;11;FORT droite;3
84,68;105,92;0;0;0;0;0;0;0;0;0;0;11;FORT droite;3
85,2;106,44;0;0;0;0;0;0;0;0;0;0;11;FORT droite;3
85,73;106,97;0;0;0;0;0;0;0;0;0;0;11;FORT droite;3
86,25;107,49;0;0;0;0;0;0;0;0;0;0;11;FORT droite;3
86,77;108,01;0;0;0;0;0;0;0;0;0;0;11;FORT droite;3
87,3;108,54;0;0;0;0;0;0;0;0;0;0;11;FORT droite;3
87,82;109,06;0;0;0;0;0;0;0;0;0;0;11;FORT droite;3
88,34;109,58;0;0;0;0;0;0;0;0;0;0;11;FORT droite;3
88,86;110,1;0;0;0;0;0;0;0;9;0;0;11;FORT droite;3
89,39;110,63;0;0;0;0;0;0;0;0;0;0;11;FORT droite;3
89,91;111,15;0;0;0;0;0;0;0;0;0;0;11;FORT droite;3
90,43;111,67;0;0;0;0;0;0;0;0;0;0;11;FORT droite;3
90,95;112,19;0;0;0;0;0;0;0;0;0;0;11;FORT droite;3
91,48;112,72;0;0;0;0;0;0;0;0;0;0;11;FORT droite;3
91,48;112,72;0;0;0;0;0;0;0;0;0;0;11;FORT droite;3
92;113,24;0;0;0;0;0;0;0;0;0;0;12;MOYEN devant;11
92,52;113,76;0;0;0;0;0;0;0;0;0;0;12;MOYEN devant;11
93,05;114,29;0;0;0;0;0;0;0;0;0;0;12;MOYEN devant;11
93,57;114,81;0;0;0;0;0;0;0;0;0;0;12;MOYEN devant;11
94,09;115,33;0;0;0;0;0;0;0;0;0;0;12;MOYEN devant;11
94,62;115,86;0;0;0;0;0;0;0;0;0;0;12;MOYEN devant;11
95,14;116,38;0;0;0;0;0;0;0;0;0;0;12;MOYEN devant;11
95,66;116,9;0;0;0;0;0;0;0;0;0;0;12;MOYEN devant;11
96,18;117,42;0;0;0;0;0;0;0;0;0;0;12;MOYEN devant;11
96,71;117,95;0;0;0;0;0;0;0;0;0;0;12;MOYEN devant;11
97,23;118,47;0;0;0;0;0;0;0;0;0;0;12;MOYEN devant;11
97,75;118,99;0;0;0;0;0;0;0;0;0;0;12;MOYEN devant;11
98,27;119,51;0;0;0;0;0;0;0;0;0;0;12;MOYEN devant;11
98,8;120,04;0;0;0;0;0;0;0;0;0;0;12;MOYEN devant;11
99,32;120,56;0;0;0;0;0;0;0;0;0;0;12;MOYEN devant;11
99,84;121,08;0;0;0;0;0;0;0;0;0;0;12;MOYEN devant;11
100,36;121,6;0;0;0;0;0;0;0;0;0;0;13;FORT devant;12
100,89;122,13;0;0;0;0;0;0;0;0;0;0;13;FORT devant;12
101,41;122,65;0;0;0;0;0;0;0;0;0;0;13;FORT devant;12
101,93;123,17;0;0;0;0;0;0;0;0;0;0;13;FORT devant;12
102,46;123,7;0;0;0;0;0;0;0;0;0;0;13;FORT devant;12
103,11;124,35;0;0;0;0;0;0;0;0;0;0;13;FORT devant;12
103,65;124,89;0;0;0;0;0;0;0;0;0;0;13;FORT devant;12
104,18;125,42;0;0;0;0;0;0;0;0;0;0;13;FORT devant;12
104,7;125,94;0;0;0;0;0;0;0;0;0;0;13;FORT devant;12
105,22;126,46;0;0;0;0;0;0;0;0;0;0;13;FORT devant;12
105,75;126,99;0;0;0;0;0;0;0;0;0;0;13;FORT devant;12
106,27;127,51;0;0;0;0;0;0;0;0;0;0;13;FORT devant;12
106,79;128,03;0;0;0;0;0;0;0;0;0;0;13;FORT devant;12
107,31;128,55;0;0;0;0;0;0;0;0;0;0;13;FORT devant;12
107,83;129,07;0;0;0;0;0;0;0;0;0;0;13;FORT devant;12
107,83;129,07;0;0;0;0;0;0;0;0;0;0;13;FORT devant;12
108,36;129,6;0;0;0;0;0;0;0;0;0;0;14;MOYEN droite;2
108,88;130,12;0;0;0;0;0;0;0;0;0;0;14;MOYEN droite;2
109,4;130,64;0;0;0;0;0;0;0;0;0;0;14;MOYEN droite;2
109,92;131,16;0;0;0;0;0;0;0;0;0;0;14;MOYEN droite;2
110,45;131,69;0;0;0;0;0;0;0;0;0;0;14;MOYEN droite;2
110,97;132,21;0;0;0;0;0;0;0;0;0;0;14;MOYEN droite;2
111,5;132,74;0;0;0;0;0;0;0;17;0;0;14;MOYEN droite;2
112,02;133,26;0;0;0;0;0;0;0;0;0;0;14;MOYEN droite;2
112,54;133,78;0;0;0;0;0;0;0;0;0;0;14;MOYEN droite;2
113,06;134,3;0;0;0;0;0;0;0;0;0;0;14;MOYEN droite;2
113,59;134,83;0;0;0;0;0;0;0;0;0;0;14;MOYEN droite;2
114,11;135,35;0;0;0;0;0;0;0;0;0;0;14;MOYEN droite;2
114,63;135,87;0;0;0;0;0;0;0;0;0;0;14;MOYEN droite;2
115,15;136,39;0;0;0;0;0;0;0;0;0;0;14;MOYEN droite;2
115,68;136,92;0;0;0;0;0;0;0;0;0;0;14;MOYEN droite;2
115,68;136,92;0;0;0;0;0;0;0;0;0;0;14;MOYEN droite;2
116,2;137,44;0;0;0;0;0;0;0;0;0;0;15;FORT derrière;9
116,72;137,96;0;0;0;0;0;0;0;0;0;0;15;FORT derrière;9
117,24;138,48;0;0;0;0;0;0;0;0;0;0;15;FORT derrière;9
117,77;139,01;0;0;0;0;0;0;0;0;0;0;15;FORT derrière;9
118,29;139,53;0;0;0;0;0;0;0;0;0;0;15;FORT derrière;9
118,81;140,05;0;0;0;0;0;0;0;0;0;0;15;FORT derrière;9
119,34;140,58;0;0;0;0;0;0;0;0;0;0;15;FORT derrière;9
119,86;141,1;0;0;0;9;0;768;0;0;0;0;15;FORT derrière;9
120,38;141,62;0;0;0;0;0;0;0;0;0;0;15;FORT derrière;9
120,91;142,15;0;0;0;0;0;0;0;0;0;0;15;FORT derrière;9
121,43;142,67;0;0;0;0;0;0;0;0;0;0;15;FORT derrière;9
121,95;143,19;0;0;0;0;0;0;0;0;0;0;15;FORT derrière;9
122,47;143,71;0;0;0;0;0;0;0;0;0;0;15;FORT derrière;9
123;144,24;0;0;0;0;0;0;0;0;0;0;15;FORT derrière;9
123,52;144,76;0;0;0;0;0;0;0;0;0;0;15;FORT derrière;9
123,52;144,76;0;0;0;0;0;0;0;0;0;0;15;FORT derrière;9
124,04;145,28;0;0;0;0;0;0;0;0;0;0;16;FAIBLE gauche;4
124,56;145,8;0;0;0;0;0;0;0;0;0;0;16;FAIBLE gauche;4
125,08;146,32;0;0;0;0;0;0;0;0;0;0;16;FAIBLE gauche;4
125,61;146,85;0;0;0;0;0;0;0;0;0;0;16;FAIBLE gauche;4
126,13;147,37;0;0;0;0;0;0;0;0;0;0;16;FAIBLE gauche;4
126,65;147,89;0;0;0;0;0;0;0;0;0;0;16;FAIBLE gauche;4
127,18;148,42;0;0;0;0;0;0;0;0;0;0;16;FAIBLE gauche;4
127,7;148,94;127;523;0;0;0;0;0;0;0;0;16;FAIBLE gauche;4
128,22;149,46;0;0;0;0;0;0;0;0;0;0;16;FAIBLE gauche;4
128,75;149,99;0;0;0;0;0;0;0;0;0;0;16;FAIBLE gauche;4
129,27;150,51;0;0;0;0;0;0;0;0;0;0;16;FAIBLE gauche;4
129,79;151,03;0;0;0;0;0;0;0;0;0;0;16;FAIBLE gauche;4
130,31;151,55;0;0;0;0;0;0;0;0;0;0;16;FAIBLE gauche;4
130,83;152,07;0;0;0;0;0;0;0;0;0;0;16;FAIBLE gauche;4
131,36;152,6;0;0;0;0;0;0;0;0;0;0;16;FAIBLE gauche;4
131,88;153,12;0;0;0;0;0;0;0;0;0;0;16;FAIBLE gauche;4
132,4;153,64;0;0;0;0;0;0;0;0;0;0;17;MOYEN devant;11
132,92;154,16;0;0;0;0;0;0;0;0;0;0;17;MOYEN devant;11
133,45;154,69;0;0;0;0;0;0;0;0;0;0;17;MOYEN devant;11
133,97;155,21;0;0;0;0;0;0;0;0;0;0;17;MOYEN devant;11
134,49;155,73;0;0;0;0;0;0;0;0;0;0;17;MOYEN devant;11
135,02;156,26;0;0;0;0;0;0;0;0;0;0;17;MOYEN devant;11
135,54;156,78;0;0;0;0;0;0;0;0;0;0;17;MOYEN devant;11
136,06;157,3;0;0;0;0;0;0;0;0;0;0;17;MOYEN devant;11
136,59;157,83;0;0;0;0;0;0;0;0;0;0;17;MOYEN devant;11
137,11;158,35;0;0;0;0;0;0;0;0;0;0;17;MOYEN devant;11
137,63;158,87;0;0;0;0;0;0;0;0;0;0;17;MOYEN devant;11
138,15;159,39;0;0;0;0;0;0;0;0;0;0;17;MOYEN devant;11
138,68;159,92;0;0;0;0;0;0;0;0;0;0;17;MOYEN devant;11
139,2;160,44;0;0;0;0;0;0;0;0;0;0;17;MOYEN devant;11
139,72;160,96;0;0;0;0;0;0;0;0;0;0;17;MOYEN devant;11
132,4;153,64;0;0;0;0;0;0;0;0;0;0;17;MOYEN devant;11
132,92;154,16;0;0;0;0;0;0;0;0;0;0;17;MOYEN devant;11
133,45;154,69;0;0;0;0;0;0;0;0;0;0;17;MOYEN devant;11
133,97;155,21;0;0;0;0;0;0;0;0;0;0;17;MOYEN devant;11
134,49;155,73;0;0;0;0;0;0;0;0;0;0;17;MOYEN devant;11
135,02;156,26;0;0;0;0;0;0;0;0;0;0;17;MOYEN devant;11
135,54;156,78;0;0;0;0;0;0;0;0;0;0;17;MOYEN devant;11
136,06;157,3;0;0;0;0;0;0;0;0;0;0;17;MOYEN devant;11
136,59;157,83;0;0;0;0;0;0;0;0;0;0;17;MOYEN devant;11
137,11;158,35;0;0;0;0;0;0;0;0;0;0;17;MOYEN devant;11
137,63;158,87;0;0;0;0;0;0;0;0;0;0;17;MOYEN devant;11
138,15;159,39;0;0;0;0;0;0;0;0;0;0;17;MOYEN devant;11
138,68;159,92;0;0;0;0;0;0;0;0;0;0;17;MOYEN devant;11
139,2;160,44;0;0;0;0;0;0;0;0;0;0;17;MOYEN devant;11
139,72;160,96;0;0;0;0;0;0;0;0;0;0;17;MOYEN devant;11
140,24;161,48;0;0;0;0;0;0;0;0;0;0;18;MOYEN devant;11
140,77;162,01;0;0;0;0;0;0;0;0;0;0;18;MOYEN devant;11
141,29;162,53;0;0;0;0;0;0;0;0;0;0;18;MOYEN devant;11
141,81;163,05;0;0;0;0;0;0;0;0;0;0;18;MOYEN devant;11
142,33;163,57;0;0;0;0;0;0;0;0;0;0;18;MOYEN devant;11
142,86;164,1;0;0;0;0;0;0;0;0;0;0;18;MOYEN devant;11
143,38;164,62;0;0;0;0;0;0;0;0;0;0;18;MOYEN devant;11
143,9;165,14;0;0;0;0;0;0;0;0;0;0;18;MOYEN devant;11
144,43;165,67;0;0;0;0;0;0;0;0;0;0;18;MOYEN devant;11
144,95;166,19;0;0;0;0;0;0;0;0;0;0;18;MOYEN devant;11
145,47;166,71;0;0;0;0;0;0;0;0;0;0;18;MOYEN devant;11
145,99;167,23;0;0;0;0;0;0;0;0;0;0;18;MOYEN devant;11
146,52;167,76;0;0;0;0;0;0;0;0;0;0;18;MOYEN devant;11
147,04;168,28;0;0;0;0;0;0;0;0;0;0;18;MOYEN devant;11
147,56;168,8;0;0;0;0;0;0;0;0;0;0;18;MOYEN devant;11
147,56;168,8;0;0;0;0;0;0;0;0;0;0;18;MOYEN devant;11
147,56;168,8;0;0;0;0;0;0;0;0;0;0;18;MOYEN devant;11
148,08;169,32;0;0;0;0;0;0;0;0;0;0;19;nul devant;0
148,61;169,85;0;0;0;0;0;0;0;0;0;0;19;nul devant;0
149,13;170,37;0;0;0;0;0;0;0;0;0;0;19;nul devant;0
149,65;170,89;0;0;0;0;0;0;0;0;0;0;19;nul devant;0
150,17;171,41;0;0;0;0;0;0;0;0;0;0;19;nul devant;0
150,7;171,94;0;0;0;0;0;0;0;0;0;0;19;nul devant;0
151,22;172,46;0;0;0;0;0;0;0;0;0;0;19;nul devant;0
151,75;172,99;0;0;0;0;0;0;0;0;0;0;19;nul devant;0
152,27;173,51;0;0;0;0;0;0;0;0;0;0;19;nul devant;0
152,79;174,03;0;0;0;0;0;0;0;0;0;0;19;nul devant;0
153,31;174,55;0;0;0;0;0;0;0;0;0;0;19;nul devant;0
153,84;175,08;0;0;0;0;0;0;0;0;0;0;19;nul devant;0
154,36;175,6;0;0;0;0;0;0;0;0;0;0;19;nul devant;0
154,88;176,12;0;0;0;0;0;0;0;0;0;0;19;nul devant;0
155,4;176,64;0;0;0;0;0;0;0;0;0;0;19;nul devant;0
155,93;177,17;0;0;0;0;0;0;0;0;0;0;19;nul devant;0
156,45;177,69;0;0;0;0;0;0;0;0;0;0;20;nul gauche;0
156,97;178,21;0;0;0;0;0;0;0;0;0;0;20;nul gauche;0
157,49;178,73;0;0;0;0;0;0;0;0;0;0;20;nul gauche;0
158,02;179,26;0;0;0;0;0;0;0;0;0;0;20;nul gauche;0
158,54;179,78;0;0;0;0;0;0;0;0;0;0;20;nul gauche;0
159,06;180,3;0;0;0;0;0;0;0;0;0;0;20;nul gauche;0
159,59;180,83;0;0;0;0;0;0;0;0;0;0;20;nul gauche;0
160,11;181,35;0;0;0;0;0;0;0;0;0;0;20;nul gauche;0
160,63;181,87;0;0;0;0;0;0;0;0;0;0;20;nul gauche;0
161,16;182,4;0;0;0;0;0;0;0;0;0;0;20;nul gauche;0
161,68;182,92;0;0;0;0;0;0;0;0;0;0;20;nul gauche;0
162,2;183,44;0;0;0;0;0;0;0;0;0;0;20;nul gauche;0
162,72;183,96;0;0;0;0;0;0;0;0;0;0;20;nul gauche;0
163,25;184,49;0;0;0;0;0;0;0;0;0;0;20;nul gauche;0
163,77;185,01;0;0;0;0;0;0;0;0;0;0;20;nul gauche;0
163,77;185,01;0;0;0;0;0;0;0;0;0;0;20;nul gauche;0
164,29;185,53;0;0;0;0;0;0;0;0;0;0;21;nul droite;0
164,81;186,05;0;0;0;0;0;0;0;0;0;0;21;nul droite;0
165,33;186,57;0;0;0;0;0;0;0;0;0;0;21;nul droite;0
165,86;187,1;0;0;0;0;0;0;0;0;0;0;21;nul droite;0
166,38;187,62;0;0;0;0;0;0;0;0;0;0;21;nul droite;0
166,9;188,14;0;0;0;0;0;0;0;0;0;0;21;nul droite;0
167,43;188,67;0;0;0;0;0;0;0;0;0;0;21;nul droite;0
167,95;189,19;0;0;0;0;0;0;0;0;0;0;21;nul droite;0
168,47;189,71;0;0;0;0;0;0;0;0;0;0;21;nul droite;0
169;190,24;0;0;0;0;0;0;0;0;0;0;21;nul droite;0
169,52;190,76;0;0;0;0;0;0;0;0;0;0;21;nul droite;0
170,04;191,28;0;0;0;0;0;0;0;0;0;0;21;nul droite;0
170,56;191,8;0;0;0;0;0;0;0;0;0;0;21;nul droite;0
171,09;192,33;0;0;0;0;0;0;0;0;0;0;21;nul droite;0
171,61;192,85;0;0;0;0;0;0;0;0;0;0;21;nul droite;0
171,61;192,85;0;0;0;0;0;0;0;0;0;0;21;nul droite;0
172,13;193,37;0;0;0;0;0;0;0;0;0;0;22;FORT derrière;9
172,65;193,89;0;0;0;0;0;0;0;0;0;0;22;FORT derrière;9
173,18;194,42;0;0;0;0;0;0;0;0;0;0;22;FORT derrière;9
173,7;194,94;0;0;0;0;0;0;0;0;0;0;22;FORT derrière;9
174,22;195,46;0;0;0;0;0;0;0;0;0;0;22;FORT derrière;9
174,74;195,98;0;0;0;0;0;0;0;0;0;0;22;FORT derrière;9
175,27;196,51;0;0;0;0;0;0;0;0;0;0;22;FORT derrière;9
175,79;197,03;0;0;0;0;0;0;0;0;0;0;22;FORT derrière;9
176,31;197,55;0;0;0;0;0;0;0;0;0;0;22;FORT derrière;9
176,84;198,08;0;0;0;0;0;0;0;0;0;0;22;FORT derrière;9
177,36;198,6;0;0;0;1;0;476;0;0;0;0;22;FORT derrière;9
177,88;199,12;0;0;0;0;0;0;0;0;0;0;22;FORT derrière;9
178,41;199,65;0;0;0;0;0;0;0;0;0;0;22;FORT derrière;9
178,93;200,17;0;0;0;0;0;0;0;0;0;0;22;FORT derrière;9
179,45;200,69;0;0;0;0;0;0;0;0;0;0;22;FORT derrière;9
179,97;201,21;0;0;0;0;0;0;0;0;0;0;22;FORT derrière;9
180,5;201,74;0;0;0;0;0;0;0;0;0;0;23;nul derrière;0
181,02;202,26;0;0;0;0;0;0;0;0;0;0;23;nul derrière;0
181,54;202,78;0;0;0;0;0;0;0;0;0;0;23;nul derrière;0
182,06;203,3;0;0;0;0;0;0;0;0;0;0;23;nul derrière;0
182,59;203,83;0;3;0;0;0;0;0;0;0;0;23;nul derrière;0
183,11;204,35;0;1;0;0;0;0;0;0;0;0;23;nul derrière;0
183,63;204,87;0;3;0;0;0;0;0;0;0;0;23;nul derrière;0
184,16;205,4;0;0;0;0;0;0;0;0;0;0;23;nul derrière;0
184,68;205,92;0;0;0;0;0;0;0;0;0;0;23;nul derrière;0
185,2;206,44;0;0;0;0;0;0;0;0;0;0;23;nul derrière;0
185,72;206,96;0;0;0;0;0;0;0;0;0;0;23;nul derrière;0
186,25;207,49;0;0;0;0;0;0;0;0;0;0;23;nul derrière;0
186,77;208,01;0;0;0;0;0;0;0;0;0;0;23;nul derrière;0
187,29;208,53;0;0;0;0;0;0;0;0;0;0;23;nul derrière;0
187,81;209,05;0;0;0;0;0;0;0;0;0;0;23;nul derrière;0
187,81;209,05;0;0;0;0;0;0;0;0;0;0;23;nul derrière;0
188,34;209,58;0;0;0;0;0;0;0;0;0;0;24;FAIBLE droite;1
188,86;210,1;0;0;0;0;0;0;0;0;0;0;24;FAIBLE droite;1
189,38;210,62;0;0;0;0;0;0;0;0;0;0;24;FAIBLE droite;1
189,9;211,14;0;0;0;0;0;0;0;0;0;0;24;FAIBLE droite;1
190,43;211,67;0;0;0;0;0;0;0;0;0;0;24;FAIBLE droite;1
190,95;212,19;0;0;0;0;0;0;0;0;0;0;24;FAIBLE droite;1
191,47;212,71;0;0;0;0;0;0;0;0;0;0;24;FAIBLE droite;1
192;213,24;0;0;0;0;0;0;0;0;0;0;24;FAIBLE droite;1
192,52;213,76;0;0;0;0;0;0;0;402;0;0;24;FAIBLE droite;1
193,04;214,28;0;0;0;0;0;0;0;0;0;0;24;FAIBLE droite;1
193,56;214,8;0;0;0;0;0;0;0;0;0;0;24;FAIBLE droite;1
194,09;215,33;0;0;0;0;0;0;0;0;0;0;24;FAIBLE droite;1
194,61;215,85;0;0;0;0;0;0;0;0;0;0;24;FAIBLE droite;1
195,13;216,37;0;0;0;0;0;0;0;0;0;0;24;FAIBLE droite;1
195,65;216,89;0;0;0;0;0;0;0;0;0;0;24;FAIBLE droite;1
195,65;216,89;0;0;0;0;0;0;0;0;0;0;24;FAIBLE droite;1
196,17;217,41;0;0;0;0;0;0;0;0;0;0;25;MOYEN droite;2
196,7;217,94;0;0;0;0;0;0;0;0;0;0;25;MOYEN droite;2
197,22;218,46;0;0;0;0;0;0;0;0;0;0;25;MOYEN droite;2
197,74;218,98;0;0;0;0;0;0;0;0;0;0;25;MOYEN droite;2
198,27;219,51;0;0;0;0;0;0;0;0;0;0;25;MOYEN droite;2
198,79;220,03;0;0;0;0;0;0;0;0;0;0;25;MOYEN droite;2
199,31;220,55;0;0;0;0;0;0;0;0;0;0;25;MOYEN droite;2
199,84;221,08;0;0;0;0;0;0;0;0;0;0;25;MOYEN droite;2
200,36;221,6;0;0;0;0;0;0;0;0;0;0;25;MOYEN droite;2
200,88;222,12;0;0;0;0;0;0;0;4;0;0;25;MOYEN droite;2
201,4;222,64;0;0;0;0;0;0;0;0;0;0;25;MOYEN droite;2
201,93;223,17;0;0;0;0;0;0;0;0;0;0;25;MOYEN droite;2
202,45;223,69;0;0;0;0;0;0;0;0;0;0;25;MOYEN droite;2
202,97;224,21;0;0;0;0;0;0;0;0;0;0;25;MOYEN droite;2
203,49;224,73;0;0;0;0;0;0;0;0;0;0;25;MOYEN droite;2
203,49;224,73;0;0;0;0;0;0;0;0;0;0;25;MOYEN droite;2
204,02;225,26;0;0;0;0;0;0;0;0;0;0;26;MOYEN droite;2
204,54;225,78;0;0;0;0;0;0;0;0;0;0;26;MOYEN droite;2
205,06;226,3;0;0;0;0;0;0;0;0;0;0;26;MOYEN droite;2
205,58;226,82;0;0;0;0;0;0;0;0;0;0;26;MOYEN droite;2
206,11;227,35;0;0;0;0;0;0;0;0;0;0;26;MOYEN droite;2
206,63;227,87;0;0;0;0;0;0;0;0;0;0;26;MOYEN droite;2
207,15;228,39;0;0;0;0;0;0;0;0;0;0;26;MOYEN droite;2
207,67;228,91;0;0;0;0;0;0;0;0;0;0;26;MOYEN droite;2
208,2;229,44;0;0;0;0;0;0;0;6;0;0;26;MOYEN droite;2
208,72;229,96;0;0;0;0;0;0;0;0;0;0;26;MOYEN droite;2
209,25;230,49;0;0;0;0;0;0;0;0;0;0;26;MOYEN droite;2
209,77;231,01;0;0;0;0;0;0;0;0;0;0;26;MOYEN droite;2
210,29;231,53;0;0;0;0;0;0;0;0;0;0;26;MOYEN droite;2
210,81;232,05;0;0;0;0;0;0;0;0;0;0;26;MOYEN droite;2
211,34;232,58;0;0;0;0;0;0;0;0;0;0;26;MOYEN droite;2
211,86;233,1;0;0;0;0;0;0;0;0;0;0;26;MOYEN droite;2
211,86;233,1;0;0;0;0;0;0;0;0;0;0;26;MOYEN droite;2
212,38;233,62;0;0;0;0;0;0;0;0;0;0;27;MOYEN gauche;5
212,9;234,14;0;0;0;0;0;0;0;0;0;0;27;MOYEN gauche;5
213,43;234,67;0;0;0;0;0;0;0;0;0;0;27;MOYEN gauche;5
213,95;235,19;0;0;0;0;0;0;0;0;0;0;27;MOYEN gauche;5
214,47;235,71;0;0;0;0;0;0;0;0;0;0;27;MOYEN gauche;5
214,99;236,23;0;0;0;0;0;0;0;0;0;0;27;MOYEN gauche;5
215,52;236,76;0;0;0;0;0;0;0;0;0;0;27;MOYEN gauche;5
216,04;237,28;0;0;0;0;0;0;0;0;0;0;27;MOYEN gauche;5
216,56;237,8;2;20;0;0;0;0;0;0;0;0;27;MOYEN gauche;5
217,09;238,33;0;0;0;0;0;0;0;0;0;0;27;MOYEN gauche;5
217,61;238,85;0;0;0;0;0;0;0;0;0;0;27;MOYEN gauche;5
218,13;239,37;0;0;0;0;0;0;0;0;0;0;27;MOYEN gauche;5
218,66;239,9;0;0;0;0;0;0;0;0;0;0;27;MOYEN gauche;5
219,18;240,42;0;0;0;0;0;0;0;0;0;0;27;MOYEN gauche;5
219,7;240,94;0;0;0;0;0;0;0;0;0;0;27;MOYEN gauche;5
219,7;240,94;0;0;0;0;0;0;0;0;0;0;27;MOYEN gauche;5
220,22;241,46;0;0;0;0;0;0;0;0;0;0;28;FORT droite;3
220,75;241,99;0;0;0;0;0;0;0;0;0;0;28;FORT droite;3
221,27;242,51;0;0;0;0;0;0;0;0;0;0;28;FORT droite;3
221,79;243,03;0;0;0;0;0;0;0;0;0;0;28;FORT droite;3
222,31;243,55;0;0;0;0;0;0;0;0;0;0;28;FORT droite;3
222,83;244,07;0;0;0;0;0;0;0;0;0;0;28;FORT droite;3
223,36;244,6;0;0;0;0;0;0;0;0;0;0;28;FORT droite;3
223,88;245,12;0;0;0;0;0;0;0;0;0;0;28;FORT droite;3
224,41;245,65;0;0;0;0;0;0;0;456;0;0;28;FORT droite;3
224,93;246,17;0;0;0;0;0;0;0;0;0;0;28;FORT droite;3
225,45;246,69;0;0;0;0;0;0;0;0;0;0;28;FORT droite;3
225,97;247,21;0;0;0;0;0;0;0;0;0;0;28;FORT droite;3
226,5;247,74;0;0;0;0;0;0;0;0;0;0;28;FORT droite;3
227,02;248,26;0;0;0;0;0;0;0;0;0;0;28;FORT droite;3
227,54;248,78;0;0;0;0;0;0;0;0;0;0;28;FORT droite;3
227,54;248,78;0;0;0;0;0;0;0;0;0;0;28;FORT droite;3
228,06;249,3;0;0;0;0;0;0;0;0;0;0;29;MOYEN devant;11
228,59;249,83;0;0;0;0;0;0;0;0;0;0;29;MOYEN devant;11
229,11;250,35;0;0;0;0;0;0;0;0;0;0;29;MOYEN devant;11
229,63;250,87;0;0;0;0;0;0;0;0;0;0;29;MOYEN devant;11
230,16;251,4;0;0;0;0;0;0;0;0;0;0;29;MOYEN devant;11
230,68;251,92;0;0;0;0;0;0;0;0;0;0;29;MOYEN devant;11
231,2;252,44;0;0;0;0;0;0;0;0;0;0;29;MOYEN devant;11
231,72;252,96;0;0;0;0;0;0;0;0;0;0;29;MOYEN devant;11
232,25;253,49;0;0;0;0;0;0;0;0;0;0;29;MOYEN devant;11
232,77;254,01;0;0;0;0;0;0;0;0;0;0;29;MOYEN devant;11
233,29;254,53;0;0;0;0;0;0;0;0;0;0;29;MOYEN devant;11
233,81;255,05;0;0;0;0;0;0;0;0;0;0;29;MOYEN devant;11
234,34;255,58;0;0;0;0;0;0;0;0;0;0;29;MOYEN devant;11
234,86;256,1;0;0;0;0;0;0;0;0;0;0;29;MOYEN devant;11
235,38;256,62;0;0;0;0;0;0;0;0;0;0;29;MOYEN devant;11
235,91;257,15;0;0;0;0;0;0;0;0;0;0;29;MOYEN devant;11
236,43;257,67;0;0;0;0;0;0;0;0;0;0;30;FORT derrière;9
236,95;258,19;0;0;0;0;0;0;0;0;0;0;30;FORT derrière;9
237,47;258,71;0;0;0;0;0;0;0;0;0;0;30;FORT derrière;9
238;259,24;0;0;0;0;0;0;0;0;0;0;30;FORT derrière;9
238,52;259,76;0;0;0;0;0;0;0;0;0;0;30;FORT derrière;9
239,04;260,28;0;0;0;2;0;0;0;0;0;0;30;FORT derrière;9
239,56;260,8;0;0;0;0;0;0;0;0;0;0;30;FORT derrière;9
240,09;261,33;0;0;0;1;0;80;0;0;0;0;30;FORT derrière;9
240,61;261,85;0;0;0;0;0;0;0;0;0;0;30;FORT derrière;9
241,13;262,37;0;0;0;0;0;0;0;0;0;0;30;FORT derrière;9
241,66;262,9;0;0;0;0;0;0;0;0;0;0;30;FORT derrière;9
242,18;263,42;0;0;0;0;0;0;0;0;0;0;30;FORT derrière;9
242,7;263,94;0;0;0;0;0;0;0;0;0;0;30;FORT derrière;9
243,22;264,46;0;0;0;0;0;0;0;0;0;0;30;FORT derrière;9
243,75;264,99;0;0;0;0;0;0;0;0;0;0;30;FORT derrière;9
243,75;264,99;0;0;0;0;0;0;0;0;0;0;30;FORT derrière;9
244,27;265,51;0;0;0;0;0;0;0;0;0;0;31;nul droite;0
244,79;266,03;0;0;0;0;0;0;0;0;0;0;31;nul droite;0
245,31;266,55;0;0;0;0;0;0;0;0;0;0;31;nul droite;0
245,84;267,08;0;0;0;0;0;0;0;0;0;0;31;nul droite;0
246,36;267,6;0;0;0;0;0;0;0;0;0;0;31;nul droite;0
246,88;268,12;0;0;0;0;0;0;0;0;0;0;31;nul droite;0
247,4;268,64;0;0;0;0;0;0;0;0;0;0;31;nul droite;0
247,93;269,17;0;0;0;0;0;0;0;0;0;0;31;nul droite;0
248,45;269,69;0;0;0;0;0;0;0;0;0;0;31;nul droite;0
248,97;270,21;0;0;0;0;0;0;0;0;0;0;31;nul droite;0
249,5;270,74;0;0;0;0;0;0;0;0;0;0;31;nul droite;0
250,02;271,26;0;0;0;0;0;0;0;0;0;0;31;nul droite;0
250,54;271,78;0;0;0;0;0;0;0;0;0;0;31;nul droite;0
251,06;272,3;0;0;0;0;0;0;0;0;0;0;31;nul droite;0
251,59;272,83;0;0;0;0;0;0;0;0;0;0;31;nul droite;0
251,59;272,83;0;0;0;0;0;0;0;0;0;0;31;nul droite;0
252,11;273,35;0;0;0;0;0;0;0;0;0;0;32;nul derrière;0
252,63;273,87;0;0;0;0;0;0;0;0;0;0;32;nul derrière;0
253,15;274,39;0;0;0;0;0;0;0;0;0;0;32;nul derrière;0
253,68;274,92;0;0;0;0;0;0;0;0;0;0;32;nul derrière;0
254,2;275,44;0;0;0;0;0;0;0;0;0;0;32;nul derrière;0
254,72;275,96;0;0;0;0;0;0;0;0;0;0;32;nul derrière;0
255,24;276,48;0;0;0;0;0;0;0;0;0;0;32;nul derrière;0
255,77;277,01;0;0;0;0;0;0;0;0;0;0;32;nul derrière;0
256,29;277,53;0;0;0;0;0;0;0;0;0;0;32;nul derrière;0
256,81;278,05;0;0;0;0;0;0;0;0;0;0;32;nul derrière;0
257,34;278,58;0;0;0;0;0;0;0;0;0;0;32;nul derrière;0
257,86;279,1;0;0;0;0;0;0;0;0;0;0;32;nul derrière;0
258,38;279,62;0;0;0;0;0;0;0;0;0;0;32;nul derrière;0
258,9;280,14;0;0;0;0;0;0;0;0;0;0;32;nul derrière;0
259,43;280,67;0;0;0;0;0;0;0;0;0;0;32;nul derrière;0
259,95;281,19;0;0;0;0;0;0;0;0;0;0;32;nul derrière;0
260,47;281,71;0;0;0;0;0;0;0;0;0;0;33;MOYEN droite;2
260,99;282,23;0;0;0;0;0;0;0;0;0;0;33;MOYEN droite;2
261,52;282,76;0;0;0;0;0;0;0;0;0;0;33;MOYEN droite;2
262,04;283,28;0;0;0;0;0;0;0;0;0;0;33;MOYEN droite;2
262,56;283,8;0;0;0;0;0;0;0;0;0;0;33;MOYEN droite;2
263,09;284,33;0;0;0;0;0;0;0;0;0;0;33;MOYEN droite;2
263,61;284,85;0;0;0;0;0;0;0;15;0;0;33;MOYEN droite;2
264,13;285,37;0;0;0;0;0;0;0;0;0;0;33;MOYEN droite;2
264,65;285,89;0;0;0;0;0;0;0;0;0;0;33;MOYEN droite;2
265,18;286,42;0;0;0;0;0;0;0;0;0;0;33;MOYEN droite;2
265,7;286,94;0;0;0;0;0;0;0;0;0;0;33;MOYEN droite;2
266,22;287,46;0;0;0;0;0;0;0;0;0;0;33;MOYEN droite;2
266,74;287,98;0;0;0;0;0;0;0;0;0;0;33;MOYEN droite;2
267,27;288,51;0;0;0;0;0;0;0;0;0;0;33;MOYEN droite;2
267,79;289,03;0;0;0;0;0;0;0;0;0;0;33;MOYEN droite;2
267,79;289,03;0;0;0;0;0;0;0;0;0;0;33;MOYEN droite;2
268,31;289,55;0;0;0;0;0;0;0;0;0;0;34;nul gauche;0
268,84;290,08;0;0;0;0;0;0;0;0;0;0;34;nul gauche;0
269,36;290,6;0;0;0;0;0;0;0;0;0;0;34;nul gauche;0
269,88;291,12;0;0;0;0;0;0;0;0;0;0;34;nul gauche;0
270,4;291,64;0;0;0;0;0;0;0;0;0;0;34;nul gauche;0
270,93;292,17;0;0;0;0;0;0;0;0;0;0;34;nul gauche;0
271,45;292,69;0;0;0;0;0;0;0;0;0;0;34;nul gauche;0
271,97;293,21;0;0;0;0;0;0;0;0;0;0;34;nul gauche;0
272,49;293,73;0;0;0;0;0;0;0;0;0;0;34;nul gauche;0
273,02;294,26;0;0;0;0;0;0;0;0;0;0;34;nul gauche;0
273,54;294,78;0;0;0;0;0;0;0;0;0;0;34;nul gauche;0
274,06;295,3;0;0;0;0;0;0;0;0;0;0;34;nul gauche;0
274,59;295,83;0;0;0;0;0;0;0;0;0;0;34;nul gauche;0
275,11;296,35;0;0;0;0;0;0;0;0;0;0;34;nul gauche;0
275,63;296,87;0;0;0;0;0;0;0;0;0;0;34;nul gauche;0
275,63;296,87;0;0;0;0;0;0;0;0;0;0;34;nul gauche;0
276,15;297,39;0;0;0;0;0;0;0;0;0;0;35;MOYEN devant;11
276,68;297,92;0;0;0;0;0;0;0;0;0;0;35;MOYEN devant;11
277,2;298,44;0;0;0;0;0;0;0;0;0;0;35;MOYEN devant;11
277,72;298,96;0;0;0;0;0;0;0;0;0;0;35;MOYEN devant;11
278,24;299,48;0;0;0;0;0;0;0;0;0;0;35;MOYEN devant;11
278,77;300,01;0;0;0;0;0;0;0;0;0;0;35;MOYEN devant;11
279,29;300,53;0;0;0;0;0;0;0;0;0;0;35;MOYEN devant;11
279,81;301,05;0;0;0;0;0;0;0;0;0;0;35;MOYEN devant;11
280,34;301,58;0;0;0;0;0;0;0;0;0;0;35;MOYEN devant;11
280,86;302,1;0;0;0;0;0;0;0;0;0;0;35;MOYEN devant;11
281,38;302,62;0;0;0;0;0;0;0;0;0;0;35;MOYEN devant;11
281,91;303,15;0;0;0;0;0;0;0;0;0;0;35;MOYEN devant;11
282,43;303,67;0;0;0;0;0;0;0;0;0;0;35;MOYEN devant;11
282,95;304,19;0;0;0;0;0;0;0;0;0;0;35;MOYEN devant;11
283,47;304,71;0;0;0;0;0;0;0;0;0;0;35;MOYEN devant;11
283,47;304,71;0;0;0;0;0;0;0;0;0;0;35;MOYEN devant;11
284;305,24;0;0;0;0;0;0;0;0;0;0;36;MOYEN devant;11
284,52;305,76;0;0;0;0;0;0;0;0;0;0;36;MOYEN devant;11
285,04;306,28;0;0;0;0;0;0;0;0;0;0;36;MOYEN devant;11
285,56;306,8;0;0;0;0;0;0;0;0;0;0;36;MOYEN devant;11
286,09;307,33;0;0;0;2;0;0;0;0;0;0;36;MOYEN devant;11
286,61;307,85;0;0;0;0;0;0;0;0;0;0;36;MOYEN devant;11
287,13;308,37;0;0;0;0;0;0;0;0;0;0;36;MOYEN devant;11
287,65;308,89;0;0;0;0;0;0;0;0;0;0;36;MOYEN devant;11
288,18;309,42;0;0;0;0;0;0;0;0;0;0;36;MOYEN devant;11
288,7;309,94;0;0;0;0;0;0;0;0;0;0;36;MOYEN devant;11
289,22;310,46;0;0;0;0;0;0;0;0;0;0;36;MOYEN devant;11
289,75;310,99;0;0;0;0;0;0;0;0;0;0;36;MOYEN devant;11
290,27;311,51;0;0;0;0;0;0;0;0;0;0;36;MOYEN devant;11
290,79;312,03;0;0;0;0;0;0;0;0;0;0;36;MOYEN devant;11
291,31;312,55;0;0;0;0;0;0;0;0;0;0;36;MOYEN devant;11
291,84;313,08;0;0;0;0;0;0;0;0;0;0;36;MOYEN devant;11
292,36;313,6;0;0;0;0;0;0;0;0;0;0;37;FAIBLE droite;1
292,88;314,12;0;0;0;0;0;0;0;0;0;0;37;FAIBLE droite;1
293,4;314,64;0;0;0;0;0;0;0;0;0;0;37;FAIBLE droite;1
293,93;315,17;0;0;0;0;0;0;0;0;0;0;37;FAIBLE droite;1
294,45;315,69;0;0;0;0;0;0;0;0;0;0;37;FAIBLE droite;1
294,97;316,21;0;0;0;0;0;0;0;0;0;0;37;FAIBLE droite;1
295,49;316,73;0;0;0;0;0;0;0;0;0;0;37;FAIBLE droite;1
296,02;317,26;0;0;0;0;0;0;0;0;0;0;37;FAIBLE droite;1
296,54;317,78;0;0;0;0;0;0;0;129;0;0;37;FAIBLE droite;1
297,07;318,31;0;0;0;0;0;0;0;0;0;0;37;FAIBLE droite;1
297,59;318,83;0;0;0;0;0;0;0;0;0;0;37;FAIBLE droite;1
298,11;319,35;0;0;0;0;0;0;0;0;0;0;37;FAIBLE droite;1
298,63;319,87;0;0;0;0;0;0;0;0;0;0;37;FAIBLE droite;1
299,16;320,4;0;0;0;0;0;0;0;0;0;0;37;FAIBLE droite;1
299,68;320,92;0;0;0;0;0;0;0;0;0;0;37;FAIBLE droite;1
299,68;320,92;0;0;0;0;0;0;0;0;0;0;37;FAIBLE droite;1
300,2;321,44;0;0;0;0;0;0;0;0;0;0;38;FORT devant;12
300,72;321,96;0;0;0;0;0;0;0;0;0;0;38;FORT devant;12
301,25;322,49;0;0;0;0;0;0;0;0;0;0;38;FORT devant;12
301,77;323,01;0;0;0;0;0;0;0;0;0;0;38;FORT devant;12
302,29;323,53;0;0;0;0;0;0;0;0;0;0;38;FORT devant;12
302,81;324,05;0;0;0;0;0;0;0;0;0;0;38;FORT devant;12
303,34;324,58;0;0;0;0;0;0;0;0;0;0;38;FORT devant;12
303,86;325,1;0;0;0;0;0;0;0;0;0;0;38;FORT devant;12
304,38;325,62;0;0;0;0;0;0;0;0;0;0;38;FORT devant;12
304,9;326,14;0;0;0;0;0;0;0;0;0;0;38;FORT devant;12
305,43;326,67;0;0;0;0;0;0;0;0;0;0;38;FORT devant;12
305,95;327,19;0;0;0;0;0;0;0;0;0;0;38;FORT devant;12
306,47;327,71;0;0;0;0;0;0;0;0;0;0;38;FORT devant;12
307;328,24;0;0;0;0;0;0;0;0;0;0;38;FORT devant;12
307,52;328,76;0;0;0;0;0;0;0;0;0;0;38;FORT devant;12
307,52;328,76;0;0;0;0;0;0;0;0;0;0;38;FORT devant;12
308,04;329,28;0;0;0;0;0;0;0;0;0;0;39;MOYEN devant;11
308,56;329,8;0;0;0;0;0;0;0;0;0;0;39;MOYEN devant;11
309,09;330,33;0;0;0;0;0;0;0;0;0;0;39;MOYEN devant;11
309,61;330,85;0;0;0;0;0;0;0;0;0;0;39;MOYEN devant;11
310,13;331,37;0;0;0;0;0;0;0;0;0;0;39;MOYEN devant;11
310,65;331,89;0;0;0;0;0;0;0;0;0;0;39;MOYEN devant;11
311,18;332,42;0;0;0;0;0;0;0;0;0;0;39;MOYEN devant;11
311,7;332,94;0;0;0;0;0;0;0;0;0;0;39;MOYEN devant;11
312,22;333,46;0;0;0;0;0;0;0;0;0;0;39;MOYEN devant;11
312,75;333,99;0;0;0;0;0;0;0;0;0;0;39;MOYEN devant;11
313,27;334,51;0;0;0;0;0;0;0;0;0;0;39;MOYEN devant;11
313,79;335,03;0;0;0;0;0;0;0;0;0;0;39;MOYEN devant;11
314,32;335,56;0;0;0;0;0;0;0;0;0;0;39;MOYEN devant;11
314,84;336,08;0;0;0;0;0;0;0;0;0;0;39;MOYEN devant;11
315,36;336,6;0;0;0;0;0;0;0;0;0;0;39;MOYEN devant;11
315,88;337,12;0;0;0;0;0;0;0;0;0;0;39;MOYEN devant;11
316,41;337,65;0;0;0;0;0;0;0;0;0;0;40;FAIBLE gauche;4
316,93;338,17;0;0;0;0;0;0;0;0;0;0;40;FAIBLE gauche;4
317,45;338,69;0;0;0;0;0;0;0;0;0;0;40;FAIBLE gauche;4
317,97;339,21;0;0;0;0;0;0;0;0;0;0;40;FAIBLE gauche;4
318,49;339,73;0;0;0;0;0;0;0;0;0;0;40;FAIBLE gauche;4
319,02;340,26;0;0;0;0;0;0;0;0;0;0;40;FAIBLE gauche;4
319,54;340,78;0;0;0;0;0;0;0;0;0;0;40;FAIBLE gauche;4
320,06;341,3;0;93;0;0;0;0;0;0;0;0;40;FAIBLE gauche;4
320,59;341,83;0;0;0;0;0;0;0;0;0;0;40;FAIBLE gauche;4
321,11;342,35;0;0;0;0;0;0;0;0;0;0;40;FAIBLE gauche;4
321,63;342,87;0;0;0;0;0;0;0;0;0;0;40;FAIBLE gauche;4
322,15;343,39;0;0;0;0;0;0;0;0;0;0;40;FAIBLE gauche;4
322,68;343,92;0;0;0;0;0;0;0;0;0;0;40;FAIBLE gauche;4
323,2;344,44;0;0;0;0;0;0;0;0;0;0;40;FAIBLE gauche;4
323,72;344,96;0;0;0;0;0;0;0;0;0;0;40;FAIBLE gauche;4
323,72;344,96;0;0;0;0;0;0;0;0;0;0;40;FAIBLE gauche;4
324,25;345,49;0;0;0;0;0;0;0;0;0;0;41;MOYEN derrière;8
324,77;346,01;0;0;0;0;0;0;0;0;0;0;41;MOYEN derrière;8
325,29;346,53;0;0;0;0;0;0;0;0;0;0;41;MOYEN derrière;8
325,81;347,05;0;0;0;0;0;0;0;0;0;0;41;MOYEN derrière;8
326,34;347,58;0;0;0;0;0;0;0;0;0;0;41;MOYEN derrière;8
326,86;348,1;0;0;0;0;0;0;0;0;0;0;41;MOYEN derrière;8
327,38;348,62;0;0;0;0;0;0;0;0;0;0;41;MOYEN derrière;8
327,9;349,14;0;0;0;0;0;0;0;0;0;0;41;MOYEN derrière;8
328,43;349,67;0;0;0;0;0;0;0;0;0;0;41;MOYEN derrière;8
328,95;350,19;0;0;0;0;0;0;0;0;0;0;41;MOYEN derrière;8
329,47;350,71;0;0;0;0;0;0;0;0;0;0;41;MOYEN derrière;8
329,99;351,23;0;0;0;0;0;0;0;0;0;0;41;MOYEN derrière;8
330,52;351,76;0;0;0;0;0;0;0;0;0;0;41;MOYEN derrière;8
331,04;352,28;0;0;0;0;0;0;0;0;0;0;41;MOYEN derrière;8
331,56;352,8;0;0;0;0;0;0;0;0;0;0;41;MOYEN derrière;8
331,56;352,8;0;0;0;0;0;0;0;0;0;0;41;MOYEN derrière;8
332,09;353,33;0;0;0;0;0;0;0;0;0;0;42;FAIBLE devant;10
332,61;353,85;0;0;0;0;0;0;0;0;0;0;42;FAIBLE devant;10
333,13;354,37;0;0;0;0;0;0;0;0;0;0;42;FAIBLE devant;10
333,65;354,89;0;0;0;0;0;0;0;0;0;0;42;FAIBLE devant;10
334,18;355,42;0;0;0;0;0;0;0;0;0;0;42;FAIBLE devant;10
334,7;355,94;0;0;0;0;0;0;0;0;0;0;42;FAIBLE devant;10
335,22;356,46;0;0;0;0;0;0;0;0;0;0;42;FAIBLE devant;10
335,74;356,98;0;0;0;0;0;0;0;0;0;0;42;FAIBLE devant;10
336,27;357,51;0;0;0;0;0;0;0;0;0;0;42;FAIBLE devant;10
336,79;358,03;0;0;0;0;0;0;0;0;0;0;42;FAIBLE devant;10
337,31;358,55;0;0;0;0;0;0;0;0;0;0;42;FAIBLE devant;10
337,84;359,08;0;0;0;0;0;0;0;0;0;0;42;FAIBLE devant;10
338,36;359,6;0;0;0;0;0;0;0;0;0;0;42;FAIBLE devant;10
338,88;360,12;0;0;0;0;0;0;0;0;0;0;42;FAIBLE devant;10
339,4;360,64;0;0;0;0;0;0;0;0;0;0;42;FAIBLE devant;10
339,93;361,17;0;0;0;0;0;0;0;0;0;0;42;FAIBLE devant;10
340,45;361,69;0;0;0;0;0;0;0;0;0;0;43;MOYEN droite;2
340,97;362,21;0;0;0;0;0;0;0;0;0;0;43;MOYEN droite;2
341,49;362,73;0;0;0;0;0;0;0;0;0;0;43;MOYEN droite;2
342,02;363,26;0;0;0;0;0;0;0;0;0;0;43;MOYEN droite;2
342,54;363,78;0;0;0;0;0;0;0;0;0;0;43;MOYEN droite;2
343,06;364,3;0;0;0;0;0;0;0;0;0;0;43;MOYEN droite;2
343,59;364,83;0;0;0;0;0;0;0;0;0;0;43;MOYEN droite;2
344,11;365,35;0;0;0;0;0;0;0;136;0;0;43;MOYEN droite;2
344,63;365,87;0;0;0;0;0;0;0;0;0;0;43;MOYEN droite;2
345,15;366,39;0;0;0;0;0;0;0;0;0;0;43;MOYEN droite;2
345,68;366,92;0;0;0;0;0;0;0;0;0;0;43;MOYEN droite;2
346,2;367,44;0;0;0;0;0;0;0;0;0;0;43;MOYEN droite;2
346,72;367,96;0;0;0;0;0;0;0;0;0;0;43;MOYEN droite;2
347,25;368,49;0;0;0;0;0;0;0;0;0;0;43;MOYEN droite;2
347,77;369,01;0;0;0;0;0;0;0;0;0;0;43;MOYEN droite;2
347,77;369,01;0;0;0;0;0;0;0;0;0;0;43;MOYEN droite;2
348,29;369,53;0;0;0;0;0;0;0;0;0;0;44;FAIBLE derrière;7
348,81;370,05;0;0;0;0;0;0;0;0;0;0;44;FAIBLE derrière;7
349,34;370,58;0;0;0;0;0;0;0;0;0;0;44;FAIBLE derrière;7
349,86;371,1;0;0;0;0;0;0;0;0;0;0;44;FAIBLE derrière;7
350,38;371,62;0;0;0;0;0;0;0;0;0;0;44;FAIBLE derrière;7
350,9;372,14;0;0;0;0;0;0;0;0;0;0;44;FAIBLE derrière;7
351,43;372,67;0;0;0;0;0;0;0;0;0;0;44;FAIBLE derrière;7
351,95;373,19;0;0;0;0;0;88;0;0;0;0;44;FAIBLE derrière;7
352,47;373,71;0;0;0;0;0;9;0;0;0;0;44;FAIBLE derrière;7
352,99;374,23;0;0;0;0;0;0;0;0;0;0;44;FAIBLE derrière;7
353,52;374,76;0;0;0;0;0;0;0;0;0;0;44;FAIBLE derrière;7
354,04;375,28;0;0;0;0;0;0;0;0;0;0;44;FAIBLE derrière;7
354,56;375,8;0;0;0;0;0;0;0;0;0;0;44;FAIBLE derrière;7
355,09;376,33;0;0;0;0;0;0;0;0;0;0;44;FAIBLE derrière;7
355,61;376,85;0;0;0;0;0;0;0;0;0;0;44;FAIBLE derrière;7
355,61;376,85;0;0;0;0;0;0;0;0;0;0;44;FAIBLE derrière;7
356,13;377,37;0;0;0;0;0;0;0;0;0;0;45;nul derrière;0
356,66;377,9;0;0;0;0;0;0;0;0;0;0;45;nul derrière;0
357,18;378,42;0;0;0;0;0;0;0;0;0;0;45;nul derrière;0
357,7;378,94;0;0;0;0;0;0;0;0;0;0;45;nul derrière;0
358,22;379,46;0;0;0;0;0;0;0;0;0;0;45;nul derrière;0
358,75;379,99;0;0;0;0;0;0;0;0;0;0;45;nul derrière;0
359,27;380,51;0;0;0;0;0;0;0;0;0;0;45;nul derrière;0
359,79;381,03;0;0;0;0;0;0;0;0;0;0;45;nul derrière;0
360,31;381,55;0;0;0;0;0;0;0;0;0;0;45;nul derrière;0
360,84;382,08;0;0;0;0;0;0;0;0;0;0;45;nul derrière;0
361,36;382,6;0;0;0;0;0;0;0;0;0;0;45;nul derrière;0
361,88;383,12;0;0;0;0;0;0;0;0;0;0;45;nul derrière;0
362,53;383,77;0;0;0;0;0;0;0;0;0;0;45;nul derrière;0
363,07;384,31;0;0;0;0;0;0;0;0;0;0;45;nul derrière;0
363,59;384,83;0;0;0;0;0;0;0;0;0;0;45;nul derrière;0
363,59;384,83;0;0;0;0;0;0;0;0;0;0;45;nul derrière;0
364,12;385,36;0;0;0;0;0;0;0;0;0;0;46;FAIBLE gauche;4
364,64;385,88;0;0;0;0;0;0;0;0;0;0;46;FAIBLE gauche;4
365,16;386,4;0;0;0;0;0;0;0;0;0;0;46;FAIBLE gauche;4
365,68;386,92;0;0;0;0;0;0;0;0;0;0;46;FAIBLE gauche;4
366,21;387,45;0;0;0;0;0;0;0;0;0;0;46;FAIBLE gauche;4
366,73;387,97;0;0;0;0;0;0;0;0;0;0;46;FAIBLE gauche;4
367,25;388,49;0;0;0;0;0;0;0;0;0;0;46;FAIBLE gauche;4
367,77;389,01;828;665;0;0;0;0;0;0;0;0;46;FAIBLE gauche;4
368,3;389,54;0;0;0;0;0;0;0;0;0;0;46;FAIBLE gauche;4
368,82;390,06;0;0;0;0;0;0;0;0;0;0;46;FAIBLE gauche;4
369,34;390,58;0;0;0;0;0;0;0;0;0;0;46;FAIBLE gauche;4
369,87;391,11;0;0;0;0;0;0;0;0;0;0;46;FAIBLE gauche;4
370,39;391,63;0;0;0;0;0;0;0;0;0;0;46;FAIBLE gauche;4
370,91;392,15;0;0;0;0;0;0;0;0;0;0;46;FAIBLE gauche;4
371,43;392,67;0;0;0;0;0;0;0;0;0;0;46;FAIBLE gauche;4
371,96;393,2;0;0;0;0;0;0;0;0;0;0;46;FAIBLE gauche;4
372,48;393,72;0;0;0;0;0;0;0;0;0;0;47;FORT gauche;6
373;394,24;0;0;0;0;0;0;0;0;0;0;47;FORT gauche;6
373,53;394,77;0;0;0;0;0;0;0;0;0;0;47;FORT gauche;6
374,05;395,29;0;0;0;0;0;0;0;0;0;0;47;FORT gauche;6
374,57;395,81;0;0;0;0;0;0;0;0;0;0;47;FORT gauche;6
375,09;396,33;0;0;0;0;0;0;0;0;0;0;47;FORT gauche;6
375,62;396,86;0;0;0;0;0;0;0;0;0;0;47;FORT gauche;6
376,14;397,38;767;500;0;0;0;0;0;0;0;0;47;FORT gauche;6
376,66;397,9;0;0;0;0;0;0;0;0;0;0;47;FORT gauche;6
377,18;398,42;0;0;0;0;0;0;0;0;0;0;47;FORT gauche;6
377,71;398,95;0;0;0;0;0;0;0;0;0;0;47;FORT gauche;6
378,23;399,47;0;0;0;0;0;0;0;0;0;0;47;FORT gauche;6
378,75;399,99;0;0;0;0;0;0;0;0;0;0;47;FORT gauche;6
379,28;400,52;0;0;0;0;0;0;0;0;0;0;47;FORT gauche;6
379,8;401,04;0;0;0;0;0;0;0;0;0;0;47;FORT gauche;6
379,8;401,04;0;0;0;0;0;0;0;0;0;0;47;FORT gauche;6
380,32;401,56;0;0;0;0;0;0;0;0;0;0;48;FAIBLE devant;10
380,84;402,08;0;0;0;0;0;0;0;0;0;0;48;FAIBLE devant;10
381,37;402,61;0;0;0;0;0;0;0;0;0;0;48;FAIBLE devant;10
381,89;403,13;0;0;0;0;0;0;0;0;0;0;48;FAIBLE devant;10
382,41;403,65;0;0;0;0;0;0;0;0;0;0;48;FAIBLE devant;10
382,93;404,17;0;0;0;0;0;0;0;0;0;0;48;FAIBLE devant;10
383,46;404,7;0;0;0;0;0;0;0;0;0;0;48;FAIBLE devant;10
383,98;405,22;0;0;0;0;0;0;0;0;0;0;48;FAIBLE devant;10
384,5;405,74;0;0;0;0;0;0;0;0;0;0;48;FAIBLE devant;10
385,02;406,26;0;0;0;0;0;0;0;0;0;0;48;FAIBLE devant;10
385,55;406,79;0;0;0;0;0;0;0;0;0;0;48;FAIBLE devant;10
386,07;407,31;0;0;0;0;0;0;0;0;0;0;48;FAIBLE devant;10
386,59;407,83;0;0;0;0;0;0;0;0;0;0;48;FAIBLE devant;10
387,12;408,36;0;0;0;0;0;0;0;0;0;0;48;FAIBLE devant;10
387,64;408,88;0;0;0;0;0;0;0;0;0;0;48;FAIBLE devant;10
387,64;408,88;0;0;0;0;0;0;0;0;0;0;48;FAIBLE devant;10
388,16;409,4;0;0;0;0;0;0;0;0;0;0;49;MOYEN gauche;5
388,68;409,92;0;0;0;0;0;0;0;0;0;0;49;MOYEN gauche;5
389,21;410,45;0;0;0;0;0;0;0;0;0;0;49;MOYEN gauche;5
389,73;410,97;0;0;0;0;0;0;0;0;0;0;49;MOYEN gauche;5
390,25;411,49;0;0;0;0;0;0;0;0;0;0;49;MOYEN gauche;5
390,77;412,01;0;0;0;0;0;0;0;0;0;0;49;MOYEN gauche;5
391,3;412,54;0;0;0;0;0;0;0;0;0;0;49;MOYEN gauche;5
391,82;413,06;0;0;0;0;0;0;0;0;0;0;49;MOYEN gauche;5
392,34;413,58;0;0;0;0;0;0;0;0;0;0;49;MOYEN gauche;5
392,86;414,1;756;153;0;0;0;0;0;0;0;0;49;MOYEN gauche;5
393,39;414,63;2;0;0;0;0;0;0;0;0;0;49;MOYEN gauche;5
393,91;415,15;0;0;0;0;0;0;0;0;0;0;49;MOYEN gauche;5
394,43;415,67;0;0;0;0;0;0;0;0;0;0;49;MOYEN gauche;5
394,96;416,2;0;0;0;0;0;0;0;0;0;0;49;MOYEN gauche;5
395,48;416,72;0;0;0;0;0;0;0;0;0;0;49;MOYEN gauche;5
395,48;416,72;0;0;0;0;0;0;0;0;0;0;49;MOYEN gauche;5
396;417,24;0;0;0;0;0;0;0;0;0;0;50;nul devant;0
396,53;417,77;0;0;0;0;0;0;0;0;0;0;50;nul devant;0
397,05;418,29;0;0;0;0;0;0;0;0;0;0;50;nul devant;0
397,57;418,81;0;0;0;0;0;0;0;0;0;0;50;nul devant;0
398,09;419,33;0;0;0;0;0;0;0;0;0;0;50;nul devant;0
398,62;419,86;0;0;0;0;0;0;0;0;0;0;50;nul devant;0
399,14;420,38;0;0;0;0;0;0;0;0;0;0;50;nul devant;0
399,66;420,9;0;0;0;0;0;0;0;0;0;0;50;nul devant;0
400,18;421,42;0;0;0;0;0;0;0;0;0;0;50;nul devant;0
400,71;421,95;0;0;0;0;0;0;0;0;0;0;50;nul devant;0
401,23;422,47;0;0;0;0;0;0;0;0;0;0;50;nul devant;0
401,75;422,99;0;0;0;0;0;0;0;0;0;0;50;nul devant;0
402,28;423,52;0;0;0;0;0;0;0;0;0;0;50;nul devant;0
402,8;424,04;0;0;0;0;0;0;0;0;0;0;50;nul devant;0
403,32;424,56;0;0;0;0;0;0;0;0;0;0;50;nul devant;0
403,84;425,08;0;0;0;0;0;0;0;0;0;0;50;nul devant;0
404,37;425,61;0;0;0;0;0;0;0;0;0;0;51;MOYEN droite;2
404,89;426,13;0;0;0;0;0;0;0;0;0;0;51;MOYEN droite;2
405,41;426,65;0;0;0;0;0;0;0;0;0;0;51;MOYEN droite;2
405,93;427,17;0;0;0;0;0;0;0;0;0;0;51;MOYEN droite;2
406,46;427,7;0;0;0;0;0;0;0;0;0;0;51;MOYEN droite;2
406,98;428,22;0;0;0;0;0;0;0;0;0;0;51;MOYEN droite;2
407,5;428,74;0;0;0;0;0;0;0;0;0;0;51;MOYEN droite;2
408,02;429,26;0;0;0;0;0;0;0;0;0;0;51;MOYEN droite;2
408,55;429,79;0;0;0;0;0;0;0;0;0;0;51;MOYEN droite;2
409,07;430,31;0;0;0;0;0;0;0;21;0;0;51;MOYEN droite;2
409,59;430,83;0;0;0;0;0;0;0;0;0;0;51;MOYEN droite;2
410,12;431,36;0;0;0;0;0;0;0;0;0;0;51;MOYEN droite;2
410,64;431,88;0;0;0;0;0;0;0;0;0;0;51;MOYEN droite;2
411,16;432,4;0;0;0;0;0;0;0;0;0;0;51;MOYEN droite;2
411,68;432,92;0;0;0;0;0;0;0;0;0;0;51;MOYEN droite;2
411,68;432,92;0;0;0;0;0;0;0;0;0;0;51;MOYEN droite;2
412,21;433,45;0;0;0;0;0;0;0;0;0;0;52;MOYEN gauche;5
412,73;433,97;0;0;0;0;0;0;0;0;0;0;52;MOYEN gauche;5
413,25;434,49;0;0;0;0;0;0;0;0;0;0;52;MOYEN gauche;5
413,78;435,02;0;0;0;0;0;0;0;0;0;0;52;MOYEN gauche;5
414,3;435,54;0;0;0;0;0;0;0;0;0;0;52;MOYEN gauche;5
414,82;436,06;0;0;0;0;0;0;0;0;0;0;52;MOYEN gauche;5
415,34;436,58;0;0;0;0;0;0;0;0;0;0;52;MOYEN gauche;5
415,87;437,11;0;0;0;0;0;0;0;0;0;0;52;MOYEN gauche;5
416,39;437,63;29;133;0;0;0;0;0;0;0;0;52;MOYEN gauche;5
416,91;438,15;0;0;0;0;0;0;0;0;0;0;52;MOYEN gauche;5
417,43;438,67;0;0;0;0;0;0;0;0;0;0;52;MOYEN gauche;5
417,96;439,2;0;0;0;0;0;0;0;0;0;0;52;MOYEN gauche;5
418,48;439,72;0;0;0;0;0;0;0;0;0;0;52;MOYEN gauche;5
419;440,24;0;0;0;0;0;0;0;0;0;0;52;MOYEN gauche;5
419,53;440,77;0;0;0;0;0;0;0;0;0;0;52;MOYEN gauche;5
419,53;440,77;0;0;0;0;0;0;0;0;0;0;52;MOYEN gauche;5
420,05;441,29;0;0;0;0;0;0;0;0;0;0;53;FORT droite;3
420,57;441,81;0;0;0;0;0;0;0;0;0;0;53;FORT droite;3
421,09;442,33;0;0;0;0;0;0;0;0;0;0;53;FORT droite;3
421,62;442,86;0;0;0;0;0;0;0;0;0;0;53;FORT droite;3
422,14;443,38;0;0;0;0;0;0;0;0;0;0;53;FORT droite;3
422,66;443,9;0;0;0;0;0;0;0;0;0;0;53;FORT droite;3
423,18;444,42;0;0;0;0;0;0;0;0;0;0;53;FORT droite;3
423,71;444,95;0;0;0;0;0;0;0;0;0;0;53;FORT droite;3
424,23;445,47;0;0;0;0;0;0;0;20;0;0;53;FORT droite;3
424,75;445,99;0;0;0;0;0;0;0;0;0;0;53;FORT droite;3
425,28;446,52;0;0;0;0;0;0;0;0;0;0;53;FORT droite;3
425,8;447,04;0;0;0;0;0;0;0;0;0;0;53;FORT droite;3
426,32;447,56;0;0;0;0;0;0;0;0;0;0;53;FORT droite;3
426,85;448,09;0;0;0;0;0;0;0;0;0;0;53;FORT droite;3
427,37;448,61;0;0;0;0;0;0;0;0;0;0;53;FORT droite;3
427,89;449,13;0;0;0;0;0;0;0;0;0;0;53;FORT droite;3
428,41;449,65;0;0;0;0;0;0;0;0;0;0;54;FORT gauche;6
428,94;450,18;0;0;0;0;0;0;0;0;0;0;54;FORT gauche;6
429,46;450,7;0;0;0;0;0;0;0;0;0;0;54;FORT gauche;6
429,98;451,22;0;0;0;0;0;0;0;0;0;0;54;FORT gauche;6
430,5;451,74;0;0;0;0;0;0;0;0;0;0;54;FORT gauche;6
431,03;452,27;0;0;0;0;0;0;0;0;0;0;54;FORT gauche;6
431,55;452,79;0;0;0;0;0;0;0;0;0;0;54;FORT gauche;6
432,07;453,31;42;284;0;0;0;0;0;0;0;0;54;FORT gauche;6
432,59;453,83;0;0;0;0;0;0;0;0;0;0;54;FORT gauche;6
433,12;454,36;0;0;0;0;0;0;0;0;0;0;54;FORT gauche;6
433,64;454,88;0;0;0;0;0;0;0;0;0;0;54;FORT gauche;6
434,16;455,4;0;0;0;0;0;0;0;0;0;0;54;FORT gauche;6
434,69;455,93;0;0;0;0;0;0;0;0;0;0;54;FORT gauche;6
435,21;456,45;0;0;0;0;0;0;0;0;0;0;54;FORT gauche;6
435,73;456,97;0;0;0;0;0;0;0;0;0;0;54;FORT gauche;6
435,73;456,97;0;0;0;0;0;0;0;0;0;0;54;FORT gauche;6
436,25;457,49;0;0;0;0;0;0;0;0;0;0;55;FAIBLE droite;1
436,78;458,02;0;0;0;0;0;0;0;0;0;0;55;FAIBLE droite;1
437,3;458,54;0;0;0;0;0;0;0;0;0;0;55;FAIBLE droite;1
437,82;459,06;0;0;0;0;0;0;0;0;0;0;55;FAIBLE droite;1
438,34;459,58;0;0;0;0;0;0;0;0;0;0;55;FAIBLE droite;1
438,87;460,11;0;0;0;0;0;0;0;0;0;0;55;FAIBLE droite;1
439,39;460,63;0;0;0;0;0;0;0;0;0;0;55;FAIBLE droite;1
439,91;461,15;0;0;0;0;0;0;0;0;0;0;55;FAIBLE droite;1
440,43;461,67;0;0;0;0;0;0;0;474;0;0;55;FAIBLE droite;1
440,96;462,2;0;0;0;0;0;0;0;0;0;0;55;FAIBLE droite;1
441,48;462,72;0;0;0;0;0;0;0;0;0;0;55;FAIBLE droite;1
442;463,24;0;0;0;0;0;0;0;0;0;0;55;FAIBLE droite;1
442,53;463,77;0;0;0;0;0;0;0;0;0;0;55;FAIBLE droite;1
443,05;464,29;0;0;0;0;0;0;0;0;0;0;55;FAIBLE droite;1
443,58;464,82;0;0;0;0;0;0;0;0;0;0;55;FAIBLE droite;1
443,58;464,82;0;0;0;0;0;0;0;0;0;0;55;FAIBLE droite;1
444,1;465,34;0;0;0;0;0;0;0;0;0;0;56;nul devant;0
444,62;465,86;0;0;0;0;0;0;0;0;0;0;56;nul devant;0
445,14;466,38;0;0;0;0;0;0;0;0;0;0;56;nul devant;0
445,66;466,9;0;0;0;0;0;0;0;0;0;0;56;nul devant;0
446,19;467,43;0;0;0;0;0;0;0;0;0;0;56;nul devant;0
446,71;467,95;0;0;0;0;0;0;0;0;0;0;56;nul devant;0
447,23;468,47;0;0;0;0;0;0;0;0;0;0;56;nul devant;0
447,75;468,99;0;0;0;0;0;0;0;0;0;0;56;nul devant;0
448,28;469,52;0;0;0;0;0;0;0;0;0;0;56;nul devant;0
448,8;470,04;0;0;0;0;0;0;0;0;0;0;56;nul devant;0
449,32;470,56;0;0;0;0;0;0;0;0;0;0;56;nul devant;0
449,84;471,08;0;0;0;0;0;0;0;0;0;0;56;nul devant;0
450,37;471,61;0;0;0;11;0;0;0;0;0;0;56;nul devant;0
450,89;472,13;0;0;4;11;0;0;0;0;0;0;56;nul devant;0
451,41;472,65;1;0;0;5;0;0;0;0;0;0;56;nul devant;0
451,94;473,18;7;0;0;6;0;0;0;0;0;0;56;nul devant;0
452,46;473,7;36;0;0;12;0;0;0;0;0;0;57;nul derrière;0
452,98;474,22;0;0;0;10;0;0;0;0;0;0;57;nul derrière;0
453,5;474,74;0;0;0;0;0;0;0;0;0;0;57;nul derrière;0
454,03;475,27;0;0;0;0;0;0;0;0;0;0;57;nul derrière;0
454,55;475,79;0;0;0;0;0;0;0;0;0;0;57;nul derrière;0
455,07;476,31;0;0;0;0;0;0;0;0;0;0;57;nul derrière;0
455,59;476,83;0;0;0;0;0;0;0;0;0;0;57;nul derrière;0
456,12;477,36;0;0;0;0;0;0;0;0;0;0;57;nul derrière;0
456,64;477,88;0;0;0;0;0;0;0;3;0;0;57;nul derrière;0
457,16;478,4;0;0;0;0;0;0;0;0;0;0;57;nul derrière;0
457,68;478,92;0;0;0;0;0;0;0;0;0;0;57;nul derrière;0
458,21;479,45;0;0;0;0;0;0;0;0;0;0;57;nul derrière;0
458,73;479,97;0;0;0;0;0;0;0;0;0;0;57;nul derrière;0
459,25;480,49;0;0;0;0;0;0;0;0;0;0;57;nul derrière;0
459,78;481,02;0;0;0;0;0;0;0;0;0;0;57;nul derrière;0
459,78;481,02;0;0;0;0;0;0;0;0;0;0;57;nul derrière;0
460,3;481,54;0;0;0;0;0;0;0;0;0;0;58;FAIBLE derrière;7
460,82;482,06;0;0;0;0;0;0;0;0;0;0;58;FAIBLE derrière;7
461,34;482,58;0;0;0;0;0;0;0;0;0;0;58;FAIBLE derrière;7
461,87;483,11;0;0;0;0;0;0;0;0;0;0;58;FAIBLE derrière;7
462,39;483,63;0;0;0;0;0;0;0;0;0;0;58;FAIBLE derrière;7
462,91;484,15;0;0;0;0;0;0;0;0;0;0;58;FAIBLE derrière;7
463,43;484,67;0;0;0;0;0;0;0;0;0;0;58;FAIBLE derrière;7
463,96;485,2;0;0;0;0;0;0;0;0;0;0;58;FAIBLE derrière;7
464,48;485,72;0;0;0;0;0;0;0;0;0;0;58;FAIBLE derrière;7
465;486,24;0;0;0;0;0;0;0;0;0;0;58;FAIBLE derrière;7
465,53;486,77;0;0;0;0;0;0;0;0;0;0;58;FAIBLE derrière;7
466,05;487,29;0;0;0;0;0;0;0;0;0;0;58;FAIBLE derrière;7
466,57;487,81;0;0;0;0;0;0;0;0;0;0;58;FAIBLE derrière;7
467,09;488,33;0;0;0;0;0;0;0;0;0;0;58;FAIBLE derrière;7
467,62;488,86;0;0;0;0;0;0;0;0;0;0;58;FAIBLE derrière;7
467,62;488,86;0;0;0;0;0;0;0;0;0;0;58;FAIBLE derrière;7
468,14;489,38;0;0;0;0;0;0;0;0;0;0;59;FAIBLE gauche;4
468,66;489,9;0;0;0;0;0;0;0;2;0;0;59;FAIBLE gauche;4
469,19;490,43;0;0;0;0;0;0;0;3;0;0;59;FAIBLE gauche;4
469,71;490,95;0;0;0;0;0;0;0;0;0;0;59;FAIBLE gauche;4
470,23;491,47;0;0;0;0;0;0;0;0;0;0;59;FAIBLE gauche;4
470,75;491,99;0;0;0;0;0;0;0;0;0;0;59;FAIBLE gauche;4
471,28;492,52;0;0;0;0;0;0;0;0;0;0;59;FAIBLE gauche;4
471,8;493,04;0;0;0;0;0;0;0;0;0;0;59;FAIBLE gauche;4
472,32;493,56;0;0;0;0;0;0;0;0;0;0;59;FAIBLE gauche;4
472,84;494,08;0;0;0;0;0;0;0;0;0;0;59;FAIBLE gauche;4
473,37;494,61;0;0;0;0;0;0;0;0;0;0;59;FAIBLE gauche;4
473,89;495,13;0;0;0;0;0;0;0;0;0;0;59;FAIBLE gauche;4
474,41;495,65;0;0;0;0;0;0;0;0;0;0;59;FAIBLE gauche;4
474,94;496,18;0;0;0;0;0;0;0;0;0;0;59;FAIBLE gauche;4
475,46;496,7;0;0;0;0;0;0;0;0;0;0;59;FAIBLE gauche;4
475,98;497,22;0;0;0;0;0;0;0;0;0;0;59;FAIBLE gauche;4
476,51;497,75;0;0;0;0;0;0;0;0;0;0;60;FORT gauche;6
477,03;498,27;0;0;0;0;0;0;0;0;0;0;60;FORT gauche;6
477,55;498,79;0;0;0;0;0;0;0;0;0;0;60;FORT gauche;6
478,07;499,31;0;0;0;0;0;0;0;0;0;0;60;FORT gauche;6
478,6;499,84;0;0;0;0;0;0;0;0;0;0;60;FORT gauche;6
479,12;500,36;0;0;0;0;0;0;0;0;0;0;60;FORT gauche;6
479,64;500,88;0;0;0;0;0;0;0;0;0;0;60;FORT gauche;6
480,16;501,4;0;0;0;0;0;0;0;0;0;0;60;FORT gauche;6
480,69;501,93;0;0;0;0;0;0;0;0;0;0;60;FORT gauche;6
481,21;502,45;0;0;0;0;0;0;0;0;0;0;60;FORT gauche;6
481,73;502,97;0;0;0;0;0;0;0;0;0;0;60;FORT gauche;6
482,25;503,49;0;0;0;0;0;0;0;0;0;0;60;FORT gauche;6
482,78;504,02;0;0;0;0;0;0;0;0;0;0;60;FORT gauche;6
483,3;504,54;0;0;0;0;0;0;0;0;0;0;60;FORT gauche;6
483,82;505,06;0;0;0;0;0;0;0;0;0;0;60;FORT gauche;6
483,82;505,06;0;0;0;0;0;0;0;0;0;0;60;FORT gauche;6
484,35;505,59;0;0;0;0;0;0;0;0;0;0;61;FAIBLE derrière;7
484,87;506,11;0;0;0;0;0;0;0;0;0;0;61;FAIBLE derrière;7
485,39;506,63;0;0;0;0;0;0;0;0;0;0;61;FAIBLE derrière;7
485,91;507,15;0;0;0;0;0;0;0;0;0;0;61;FAIBLE derrière;7
486,44;507,68;0;0;0;0;0;0;0;0;0;0;61;FAIBLE derrière;7
486,96;508,2;0;0;0;0;0;0;0;0;0;0;61;FAIBLE derrière;7
486,96;508,2;0;0;0;0;0;0;0;0;0;0;61;FAIBLE derrière;7
486,96;508,2;0;0;0;0;0;0;0;0;0;0;61;FAIBLE derrière;7
